category,manufacturer,modelname,serialnumber,ondate,inventory,operatorcode,project,ownercode,propertytag,epochnotes,isinstalled,netcode,lookupcode,monname,installdate
BATTERY,UNKNOWN,UNKNOWN,M52A1-2013-01,2013-01-19 (019) 00:00:00,FUNCTIONAL,ASL,,,,,Yes,N4,M52A,"Chesterland, OH, USA",2013-01-19 (019) 00:00:00
BATTERY,UNKNOWN,UNKNOWN,M52A2-2013-01,2013-01-19 (019) 00:00:00,FUNCTIONAL,ASL,,,,,Yes,N4,M52A,"Chesterland, OH, USA",2013-01-19 (019) 00:00:00
BATTERY,UNKNOWN,UNKNOWN,Q54A1-2013-01,2013-01-28 (028) 00:00:00,FUNCTIONAL,ASL,,,,,Yes,N4,Q54A,"Coxs Mills, WV, USA",2013-01-28 (028) 00:00:00
BATTERY,UNKNOWN,UNKNOWN,Q54A2-2013-01,2013-01-28 (028) 00:00:00,FUNCTIONAL,ASL,,,,,Yes,N4,Q54A,"Coxs Mills, WV, USA",2013-01-28 (028) 00:00:00
BATTERY,UNKNOWN,UNKNOWN,Q54A3-2013-01,2013-01-28 (028) 00:00:00,FUNCTIONAL,ASL,,,,,Yes,N4,Q54A,"Coxs Mills, WV, USA",2013-01-28 (028) 00:00:00
BATTERY,UNKNOWN,UNKNOWN,N51A1-2013-02,2013-02-22 (053) 00:00:00,FUNCTIONAL,ASL,,,,,Yes,N4,N51A,"Ashland, OH, USA",2013-02-22 (053) 00:00:00
BATTERY,UNKNOWN,UNKNOWN,N51A2-2013-02,2013-02-22 (053) 00:00:00,FUNCTIONAL,ASL,,,,,Yes,N4,N51A,"Ashland, OH, USA",2013-02-22 (053) 00:00:00
BATTERY,UNKNOWN,UNKNOWN,N51A3-2013-02,2013-02-22 (053) 00:00:00,FUNCTIONAL,ASL,,,,,Yes,N4,N51A,"Ashland, OH, USA",2013-02-22 (053) 00:00:00
BATTERY,UNKNOWN,UNKNOWN,P40B1-2013-03,2013-03-19 (078) 00:00:00,FUNCTIONAL,ASL,,,,,Yes,N4,P40B,"Paris, MO, USA",2013-03-19 (078) 00:00:00
BATTERY,UNKNOWN,UNKNOWN,P40B2-2013-03,2013-03-19 (078) 00:00:00,FUNCTIONAL,ASL,,,,,Yes,N4,P40B,"Paris, MO, USA",2013-03-19 (078) 00:00:00
BATTERY,UNKNOWN,UNKNOWN,S57A1-2013-03,2013-03-28 (087) 00:00:00,FUNCTIONAL,ASL,,,,,Yes,N4,S57A,"Dark Hallow, Roseland, VA, USA",2013-03-28 (087) 00:00:00
BATTERY,UNKNOWN,UNKNOWN,S57A2-2013-03,2013-03-28 (087) 00:00:00,FUNCTIONAL,ASL,,,,,Yes,N4,S57A,"Dark Hallow, Roseland, VA, USA",2013-03-28 (087) 00:00:00
BATTERY,UNKNOWN,UNKNOWN,P57A1-2013-05,2013-05-21 (141) 00:00:00,FUNCTIONAL,ASL,,,,,Yes,N4,P57A,"Homestead Farm, Martinsburg, WV, USA",2013-05-21 (141) 00:00:00
BATTERY,UNKNOWN,UNKNOWN,P57A2-2013-05,2013-05-21 (141) 00:00:00,FUNCTIONAL,ASL,,,,,Yes,N4,P57A,"Homestead Farm, Martinsburg, WV, USA",2013-05-21 (141) 00:00:00
BATTERY,UNKNOWN,UNKNOWN,Q56A1-2013-05,2013-05-23 (143) 00:00:00,FUNCTIONAL,ASL,,,,,Yes,N4,Q56A,"Snyder Ridge, Maysville, WV, USA",2013-05-23 (143) 00:00:00
BATTERY,UNKNOWN,UNKNOWN,Q56A2-2013-05,2013-05-23 (143) 00:00:00,FUNCTIONAL,ASL,,,,,Yes,N4,Q56A,"Snyder Ridge, Maysville, WV, USA",2013-05-23 (143) 00:00:00
BATTERY,UNKNOWN,UNKNOWN,M44A1-2011-10,2011-10-21 (294) 00:00:00,FUNCTIONAL,ASL,,,,,Yes,N4,M44A,"Midewin, Midewin Nat. Tallgrass Prarie, IL, USA",2013-11-08 (312) 00:00:00
BATTERY,UNKNOWN,UNKNOWN,M44A2-2011-10,2011-10-21 (294) 00:00:00,FUNCTIONAL,ASL,,,,,Yes,N4,M44A,"Midewin, Midewin Nat. Tallgrass Prarie, IL, USA",2013-11-08 (312) 00:00:00
BATTERY,UNKNOWN,UNKNOWN,L42A1-2011-11,2011-11-05 (309) 00:00:00,FUNCTIONAL,ASL,,,,,Yes,N4,L42A,"Oliver, Polo, IL, USA",2013-11-19 (323) 00:00:00
BATTERY,UNKNOWN,UNKNOWN,L42A2-2011-11,2011-11-05 (309) 00:00:00,FUNCTIONAL,ASL,,,,,Yes,N4,L42A,"Oliver, Polo, IL, USA",2013-11-19 (323) 00:00:00
BATTERY,UNKNOWN,UNKNOWN,L40A1-2011-06,2011-06-20 (171) 00:00:00,FUNCTIONAL,ASL,,,,,Yes,N4,L40A,"Anamosa, IA, USA",2013-11-27 (331) 00:00:00
BATTERY,UNKNOWN,UNKNOWN,L40A2-2011-06,2011-06-20 (171) 00:00:00,FUNCTIONAL,ASL,,,,,Yes,N4,L40A,"Anamosa, IA, USA",2013-11-27 (331) 00:00:00
BATTERY,UNKNOWN,UNKNOWN,T45B1-2014-02,2014-02-12 (043) 00:00:00,FUNCTIONAL,ASL,,,,,Yes,N4,T45B,"Paducah, KY, USA",2014-02-12 (043) 00:00:00
BATTERY,UNKNOWN,UNKNOWN,T45B2-2014-02,2014-02-12 (043) 00:00:00,FUNCTIONAL,ASL,,,,,Yes,N4,T45B,"Paducah, KY, USA",2014-02-12 (043) 00:00:00
BATTERY,UNKNOWN,UNKNOWN,Q44B1-2014-02,2014-02-16 (047) 00:00:00,FUNCTIONAL,ASL,,,,,Yes,N4,Q44B,"Vandalia, IL, USA",2014-02-16 (047) 00:00:00
BATTERY,UNKNOWN,UNKNOWN,Q44B2-2014-02,2014-02-16 (047) 00:00:00,FUNCTIONAL,ASL,,,,,Yes,N4,Q44B,"Vandalia, IL, USA",2014-02-16 (047) 00:00:00
BATTERY,UNKNOWN,UNKNOWN,W50A1-2012-04,2012-04-17 (108) 00:00:00,FUNCTIONAL,ASL,,,,,Yes,N4,W50A,"Signal Mountain, TN, USA",2014-03-09 (068) 00:00:00
BATTERY,UNKNOWN,UNKNOWN,W50A2-2012-04,2012-04-17 (108) 00:00:00,FUNCTIONAL,ASL,,,,,Yes,N4,W50A,"Signal Mountain, TN, USA",2014-03-09 (068) 00:00:00
BATTERY,UNKNOWN,UNKNOWN,W52A1-2012-04,2012-04-15 (106) 00:00:00,FUNCTIONAL,ASL,,,,,Yes,N4,W52A,"Murphy, NC, USA",2014-03-11 (070) 00:00:00
BATTERY,UNKNOWN,UNKNOWN,W52A2-2012-04,2012-04-15 (106) 00:00:00,FUNCTIONAL,ASL,,,,,Yes,N4,W52A,"Murphy, NC, USA",2014-03-11 (070) 00:00:00
BATTERY,UNKNOWN,UNKNOWN,U53A1-2012-05,2012-05-20 (141) 00:00:00,FUNCTIONAL,ASL,,,,,Yes,N4,V53A,"Sandy Mush, NC, USA",2014-03-14 (073) 00:00:00
BATTERY,UNKNOWN,UNKNOWN,U53A2-2012-05,2012-05-20 (141) 00:00:00,FUNCTIONAL,ASL,,,,,Yes,N4,V53A,"Sandy Mush, NC, USA",2014-03-14 (073) 00:00:00
BATTERY,UNKNOWN,UNKNOWN,S51A1-2012-05,2012-05-17 (138) 00:00:00,FUNCTIONAL,ASL,,,,,Yes,N4,S51A,"Beattyville, KY, USA",2014-04-21 (111) 00:00:00
BATTERY,UNKNOWN,UNKNOWN,S51A2-2012-05,2012-05-17 (138) 00:00:00,FUNCTIONAL,ASL,,,,,Yes,N4,S51A,"Beattyville, KY, USA",2014-04-21 (111) 00:00:00
BATTERY,UNKNOWN,UNKNOWN,P48A1-2014-05,2014-05-02 (122) 00:00:00,FUNCTIONAL,ASL,,,,,Yes,N4,P48A,"Milroy, IN, USA",2014-05-02 (122) 00:00:00
BATTERY,UNKNOWN,UNKNOWN,P48A2-2014-05,2014-05-02 (122) 00:00:00,FUNCTIONAL,ASL,,,,,Yes,N4,P48A,"Milroy, IN, USA",2014-05-02 (122) 00:00:00
BATTERY,UNKNOWN,UNKNOWN,N47A1-2012-09,2012-09-04 (248) 00:00:00,FUNCTIONAL,ASL,,,,,Yes,N4,N47A,"Urbana, IN, USA",2014-05-12 (132) 00:00:00
BATTERY,UNKNOWN,UNKNOWN,N47A2-2012-09,2012-09-04 (248) 00:00:00,FUNCTIONAL,ASL,,,,,Yes,N4,N47A,"Urbana, IN, USA",2014-05-12 (132) 00:00:00
BATTERY,UNKNOWN,UNKNOWN,M50A1-2012-07,2012-07-18 (200) 00:00:00,FUNCTIONAL,ASL,,,,,Yes,N4,M50A,"Fremont, OH, USA",2014-05-14 (134) 00:00:00
BATTERY,UNKNOWN,UNKNOWN,M50A2-2012-07,2012-07-18 (200) 00:00:00,FUNCTIONAL,ASL,,,,,Yes,N4,M50A,"Fremont, OH, USA",2014-05-14 (134) 00:00:00
BATTERY,UNKNOWN,UNKNOWN,J47A1-2012-09,2012-09-14 (258) 00:00:00,FUNCTIONAL,ASL,,,,,Yes,N4,J47A,"Sumner, MI, USA",2014-06-23 (174) 00:00:00
BATTERY,UNKNOWN,UNKNOWN,J47A2-2012-09,2012-09-14 (258) 00:00:00,FUNCTIONAL,ASL,,,,,Yes,N4,J47A,"Sumner, MI, USA",2014-06-23 (174) 00:00:00
BATTERY,UNKNOWN,UNKNOWN,I45A1-2012-11,2012-11-05 (310) 00:00:00,FUNCTIONAL,ASL,,,,,Yes,N4,I45A,"Fountain, MI, USA",2014-07-14 (195) 00:00:00
BATTERY,UNKNOWN,UNKNOWN,I45A2-2012-11,2012-11-05 (310) 00:00:00,FUNCTIONAL,ASL,,,,,Yes,N4,I45A,"Fountain, MI, USA",2014-07-14 (195) 00:00:00
BATTERY,UNKNOWN,UNKNOWN,I45A3-2012-11,2012-11-05 (310) 00:00:00,FUNCTIONAL,ASL,,,,,Yes,N4,I45A,"Fountain, MI, USA",2014-07-14 (195) 00:00:00
BATTERY,UNKNOWN,UNKNOWN,K50A1-2012-10,2012-10-12 (286) 00:00:00,FUNCTIONAL,ASL,,,,,Yes,N4,K50A,"Casco, MI, USA",2014-07-23 (204) 00:00:00
BATTERY,UNKNOWN,UNKNOWN,K50A2-2012-10,2012-10-12 (286) 00:00:00,FUNCTIONAL,ASL,,,,,Yes,N4,K50A,"Casco, MI, USA",2014-07-23 (204) 00:00:00
BATTERY,UNKNOWN,UNKNOWN,E38A1-2014-08,2014-08-14 (226) 00:00:00,FUNCTIONAL,ASL,,,,,Yes,N4,E38A,"The Farm, Brule, WI, USA",2014-08-14 (226) 00:00:00
BATTERY,UNKNOWN,UNKNOWN,E38A2-2014-08,2014-08-14 (226) 00:00:00,FUNCTIONAL,ASL,,,,,Yes,N4,E38A,"The Farm, Brule, WI, USA",2014-08-14 (226) 00:00:00
BATTERY,UNKNOWN,UNKNOWN,E38A3-2014-08,2014-08-14 (226) 00:00:00,FUNCTIONAL,ASL,,,,,Yes,N4,E38A,"The Farm, Brule, WI, USA",2014-08-14 (226) 00:00:00
BATTERY,UNKNOWN,UNKNOWN,N53A1-2012-12,2012-12-11 (346) 00:00:00,FUNCTIONAL,ASL,,,,,Yes,N4,N53A,"Lisbon, OH, USA",2014-10-24 (297) 00:00:00
BATTERY,UNKNOWN,UNKNOWN,N53A2-2012-12,2012-12-11 (346) 00:00:00,FUNCTIONAL,ASL,,,,,Yes,N4,N53A,"Lisbon, OH, USA",2014-10-24 (297) 00:00:00
BATTERY,UNKNOWN,UNKNOWN,O54A1-2012-12,2012-12-14 (349) 00:00:00,FUNCTIONAL,ASL,,,,,Yes,N4,O54A,"Avella, PA, USA",2014-11-24 (328) 00:00:00
BATTERY,UNKNOWN,UNKNOWN,O54A2-2012-12,2012-12-14 (349) 00:00:00,FUNCTIONAL,ASL,,,,,Yes,N4,O54A,"Avella, PA, USA",2014-11-24 (328) 00:00:00
BATTERY,UNKNOWN,UNKNOWN,P53A1-2012-08,2012-08-27 (240) 00:00:00,FUNCTIONAL,ASL,,,,,Yes,N4,P53A,"Whipple, OH, USA",2014-11-24 (328) 00:00:00
BATTERY,UNKNOWN,UNKNOWN,P53A2-2012-08,2012-08-27 (240) 00:00:00,FUNCTIONAL,ASL,,,,,Yes,N4,P53A,"Whipple, OH, USA",2014-11-24 (328) 00:00:00
BATTERY,UNKNOWN,UNKNOWN,O52A1-2012-08,2012-08-25 (238) 00:00:00,FUNCTIONAL,ASL,,,,,Yes,N4,O52A,"Adamsville, OH, USA",2014-12-01 (335) 00:00:00
BATTERY,UNKNOWN,UNKNOWN,O52A2-2012-08,2012-08-25 (238) 00:00:00,FUNCTIONAL,ASL,,,,,Yes,N4,O52A,"Adamsville, OH, USA",2014-12-01 (335) 00:00:00
BATTERY,UNKNOWN,UNKNOWN,R58B1-2012-08,2012-08-08 (221) 00:00:00,FUNCTIONAL,ASL,,,,,Yes,N4,R58B,"Mineral, VA, USA",2015-04-28 (118) 00:00:00
BATTERY,UNKNOWN,UNKNOWN,R58B2-2012-08,2012-08-08 (221) 00:00:00,FUNCTIONAL,ASL,,,,,Yes,N4,R58B,"Mineral, VA, USA",2015-04-28 (118) 00:00:00
BATTERY,UNKNOWN,UNKNOWN,I37B1-2015-05,2015-05-09 (129) 00:00:00,FUNCTIONAL,ASL,,,,,Yes,N4,I37B,"Waseca, MN, USA",2015-05-09 (129) 00:00:00
BATTERY,UNKNOWN,UNKNOWN,I37B2-2015-05,2015-05-09 (129) 00:00:00,FUNCTIONAL,ASL,,,,,Yes,N4,I37B,"Waseca, MN, USA",2015-05-09 (129) 00:00:00
BATTERY,UNKNOWN,UNKNOWN,I37B3-2015-05,2015-05-09 (129) 00:00:00,FUNCTIONAL,ASL,,,,,Yes,N4,I37B,"Waseca, MN, USA",2015-05-09 (129) 00:00:00
BATTERY,UNKNOWN,UNKNOWN,I37B4-2015-05,2015-05-09 (129) 00:00:00,FUNCTIONAL,ASL,,,,,Yes,N4,I37B,"Waseca, MN, USA",2015-05-09 (129) 00:00:00
BATTERY,UNKNOWN,UNKNOWN,I37B5-2015-05,2015-05-09 (129) 00:00:00,FUNCTIONAL,ASL,,,,,Yes,N4,I37B,"Waseca, MN, USA",2015-05-09 (129) 00:00:00
BATTERY,UNKNOWN,UNKNOWN,TIGA1-2015-07,2015-07-17 (198) 00:00:00,FUNCTIONAL,ASL,,,,,Yes,N4,TIGA,"Tifton, GA, USA",2015-07-17 (198) 00:00:00
BATTERY,UNKNOWN,UNKNOWN,TIGA2-2015-07,2015-07-17 (198) 00:00:00,FUNCTIONAL,ASL,,,,,Yes,N4,TIGA,"Tifton, GA, USA",2015-07-17 (198) 00:00:00
BATTERY,UNKNOWN,UNKNOWN,SFIN1-2015-07,2015-07-22 (203) 00:00:00,FUNCTIONAL,ASL,,,,,Yes,N4,SFIN,"Lafayette, IN, USA",2015-07-22 (203) 00:00:00
BATTERY,UNKNOWN,UNKNOWN,SFIN2-2015-07,2015-07-22 (203) 00:00:00,FUNCTIONAL,ASL,,,,,Yes,N4,SFIN,"Lafayette, IN, USA",2015-07-22 (203) 00:00:00
BATTERY,UNKNOWN,UNKNOWN,SFIN3-2015-07,2015-07-22 (203) 00:00:00,FUNCTIONAL,ASL,,,,,Yes,N4,SFIN,"Lafayette, IN, USA",2015-07-22 (203) 00:00:00
BATTERY,UNKNOWN,UNKNOWN,SFIN4-2015-07,2015-07-22 (203) 00:00:00,FUNCTIONAL,ASL,,,,,Yes,N4,SFIN,"Lafayette, IN, USA",2015-07-22 (203) 00:00:00
BATTERY,UNKNOWN,UNKNOWN,F33B1-2015-08,2015-08-01 (213) 00:00:00,FUNCTIONAL,ASL,,,,,Yes,N4,F33B,"5 Mile Ranch, Herman, MN, USA",2015-08-01 (213) 00:00:00
BATTERY,UNKNOWN,UNKNOWN,F33B2-2015-08,2015-08-01 (213) 00:00:00,FUNCTIONAL,ASL,,,,,Yes,N4,F33B,"5 Mile Ranch, Herman, MN, USA",2015-08-01 (213) 00:00:00
BATTERY,UNKNOWN,UNKNOWN,F33B3-2015-08,2015-08-01 (213) 00:00:00,FUNCTIONAL,ASL,,,,,Yes,N4,F33B,"5 Mile Ranch, Herman, MN, USA",2015-08-01 (213) 00:00:00
BATTERY,UNKNOWN,UNKNOWN,P38B1-2015-08,2015-08-11 (223) 00:00:00,FUNCTIONAL,ASL,,,,,Yes,N4,P38B,"Dawn, MO, USA",2015-08-11 (223) 00:00:00
BATTERY,UNKNOWN,UNKNOWN,P38B2-2015-08,2015-08-11 (223) 00:00:00,FUNCTIONAL,ASL,,,,,Yes,N4,P38B,"Dawn, MO, USA",2015-08-11 (223) 00:00:00
BATTERY,UNKNOWN,UNKNOWN,P38B3-2015-08,2015-08-11 (223) 00:00:00,FUNCTIONAL,ASL,,,,,Yes,N4,P38B,"Dawn, MO, USA",2015-08-11 (223) 00:00:00
BATTERY,UNKNOWN,UNKNOWN,MDND1-2015-08,2015-08-12 (224) 00:00:00,FUNCTIONAL,ASL,,,,,Yes,N4,MDND,"Maddock, ND, USA",2015-08-12 (224) 00:00:00
BATTERY,UNKNOWN,UNKNOWN,MDND2-2015-08,2015-08-12 (224) 00:00:00,FUNCTIONAL,ASL,,,,,Yes,N4,MDND,"Maddock, ND, USA",2015-08-12 (224) 00:00:00
BATTERY,UNKNOWN,UNKNOWN,MDND3-2015-08,2015-08-12 (224) 00:00:00,FUNCTIONAL,ASL,,,,,Yes,N4,MDND,"Maddock, ND, USA",2015-08-12 (224) 00:00:00
BATTERY,UNKNOWN,UNKNOWN,N62A1-2017-12,2017-12-04 (338) 00:00:00,FUNCTIONAL,ASL,,,,,Yes,N4,N62A,"Caumsett State Park, Huntington, NY, USA",2017-12-04 (338) 00:00:00
BATTERY,UNKNOWN,UNKNOWN,N62A2-2017-12,2017-12-04 (338) 00:00:00,FUNCTIONAL,ASL,,,,,Yes,N4,N62A,"Caumsett State Park, Huntington, NY, USA",2017-12-04 (338) 00:00:00
BATTERY,UNKNOWN,UNKNOWN,N62A3-2017-12,2017-12-04 (338) 00:00:00,FUNCTIONAL,ASL,,,,,Yes,N4,N62A,"Caumsett State Park, Huntington, NY, USA",2017-12-04 (338) 00:00:00
BATTERY,UNKNOWN,UNKNOWN,N62A4-2017-12,2017-12-04 (338) 00:00:00,FUNCTIONAL,ASL,,,,,Yes,N4,N62A,"Caumsett State Park, Huntington, NY, USA",2017-12-04 (338) 00:00:00
BATTERY,UNKNOWN,UNKNOWN,N62A5-2017-12,2017-12-04 (338) 00:00:00,FUNCTIONAL,ASL,,,,,Yes,N4,N62A,"Caumsett State Park, Huntington, NY, USA",2017-12-04 (338) 00:00:00
BATTERY,UNKNOWN,UNKNOWN,441B1-2018-01,2018-01-31 (031) 00:00:00,FUNCTIONAL,ASL,,,,,Yes,N4,441B,"Storozyszyn Site, DeRidder, LA, USA",2018-01-31 (031) 00:00:00
BATTERY,UNKNOWN,UNKNOWN,441B2-2018-01,2018-01-31 (031) 00:00:00,FUNCTIONAL,ASL,,,,,Yes,N4,441B,"Storozyszyn Site, DeRidder, LA, USA",2018-01-31 (031) 00:00:00
BATTERY,UNKNOWN,UNKNOWN,SUSD1-2010-08,2010-08-23 (235) 00:00:00,FUNCTIONAL,ASL,,,,,Yes,N4,SUSD,"Miller, SD, USA",2018-08-15 (227) 00:00:00
BATTERY,UNKNOWN,UNKNOWN,N41A1-2018-11,2018-11-10 (314) 00:00:00,FUNCTIONAL,ASL,,,,,Yes,N4,N41A,"Harden Midland Farm, Stronghurst, IL, ISA",2018-11-10 (314) 00:00:00
BATTERY,UNKNOWN,UNKNOWN,N41A2-2018-11,2018-11-10 (314) 00:00:00,FUNCTIONAL,ASL,,,,,Yes,N4,N41A,"Harden Midland Farm, Stronghurst, IL, ISA",2018-11-10 (314) 00:00:00
BATTERY,UNKNOWN,UNKNOWN,N38B1-2018-11,2018-11-12 (316) 00:00:00,FUNCTIONAL,ASL,,,,,Yes,N4,N38B,"Corydon, IA, USA",2018-11-12 (316) 00:00:00
BATTERY,UNKNOWN,UNKNOWN,N38B2-2018-11,2018-11-12 (316) 00:00:00,FUNCTIONAL,ASL,,,,,Yes,N4,N38B,"Corydon, IA, USA",2018-11-12 (316) 00:00:00
BATTERY,UNKNOWN,UNKNOWN,N38B3-2018-11,2018-11-12 (316) 00:00:00,FUNCTIONAL,ASL,,,,,Yes,N4,N38B,"Corydon, IA, USA",2018-11-12 (316) 00:00:00
BATTERY,UNKNOWN,UNKNOWN,060A1-2019-02,2019-02-08 (039) 00:00:00,FUNCTIONAL,ASL,,,,,Yes,N4,060A,"Indiantown, FL, USA",2019-02-08 (039) 00:00:00
BATTERY,UNKNOWN,UNKNOWN,060A2-2019-02,2019-02-08 (039) 00:00:00,FUNCTIONAL,ASL,,,,,Yes,N4,060A,"Indiantown, FL, USA",2019-02-08 (039) 00:00:00
BATTERY,UNKNOWN,UNKNOWN,O48B1-2012-06,2012-06-21 (173) 00:00:00,FUNCTIONAL,ASL,,,,,Yes,N4,O48B,"Farmland, IN, USA",2019-02-12 (043) 00:00:00
BATTERY,UNKNOWN,UNKNOWN,O48B2-2012-06,2012-06-21 (173) 00:00:00,FUNCTIONAL,ASL,,,,,Yes,N4,O48B,"Farmland, IN, USA",2019-02-12 (043) 00:00:00
BATTERY,UNKNOWN,UNKNOWN,TUL31-2019-03,2019-03-03 (062) 00:00:00,FUNCTIONAL,ASL,,,,,Yes,N4,TUL3,"Leonard, OK, USA",2019-03-03 (062) 00:00:00
BATTERY,UNKNOWN,UNKNOWN,TUL32-2019-03,2019-03-03 (062) 00:00:00,FUNCTIONAL,ASL,,,,,Yes,N4,TUL3,"Leonard, OK, USA",2019-03-03 (062) 00:00:00
BATTERY,UNKNOWN,UNKNOWN,TUL33-2019-03,2019-03-03 (062) 00:00:00,FUNCTIONAL,ASL,,,,,Yes,N4,TUL3,"Leonard, OK, USA",2019-03-03 (062) 00:00:00
BATTERY,UNKNOWN,UNKNOWN,TUL34-2019-03,2019-03-03 (062) 00:00:00,FUNCTIONAL,ASL,,,,,Yes,N4,TUL3,"Leonard, OK, USA",2019-03-03 (062) 00:00:00
BATTERY,UNKNOWN,UNKNOWN,R50A1-2019-04,2019-04-02 (092) 00:00:00,FUNCTIONAL,ASL,,,,,Yes,N4,R50A,"Paris, KY, USA",2019-04-02 (092) 00:00:00
BATTERY,UNKNOWN,UNKNOWN,R50A2-2019-04,2019-04-02 (092) 00:00:00,FUNCTIONAL,ASL,,,,,Yes,N4,R50A,"Paris, KY, USA",2019-04-02 (092) 00:00:00
BATTERY,UNKNOWN,UNKNOWN,N58A1-2019-04,2019-04-09 (099) 00:00:00,FUNCTIONAL,ASL,,,,,Yes,N4,N58A,"Sunbury, PA, USA",2019-04-09 (099) 00:00:00
BATTERY,UNKNOWN,UNKNOWN,N58A2-2019-04,2019-04-09 (099) 00:00:00,FUNCTIONAL,ASL,,,,,Yes,N4,N58A,"Sunbury, PA, USA",2019-04-09 (099) 00:00:00
BATTERY,UNKNOWN,UNKNOWN,M57A1-2019-04,2019-04-10 (100) 00:00:00,FUNCTIONAL,ASL,,,,,Yes,N4,M57A,"Sunshine Farm, Cogan Station, PA, USA",2019-04-10 (100) 00:00:00
BATTERY,UNKNOWN,UNKNOWN,M57A2-2019-04,2019-04-10 (100) 00:00:00,FUNCTIONAL,ASL,,,,,Yes,N4,M57A,"Sunshine Farm, Cogan Station, PA, USA",2019-04-10 (100) 00:00:00
BATTERY,UNKNOWN,UNKNOWN,M57A3-2019-04,2019-04-10 (100) 00:00:00,FUNCTIONAL,ASL,,,,,Yes,N4,M57A,"Sunshine Farm, Cogan Station, PA, USA",2019-04-10 (100) 00:00:00
BATTERY,UNKNOWN,UNKNOWN,N49A1-2019-05,2019-05-02 (122) 00:00:00,FUNCTIONAL,ASL,,,,,Yes,N4,N49A,"Columbus Grove, OH, USA",2019-05-02 (122) 00:00:00
BATTERY,UNKNOWN,UNKNOWN,N49A2-2019-05,2019-05-02 (122) 00:00:00,FUNCTIONAL,ASL,,,,,Yes,N4,N49A,"Columbus Grove, OH, USA",2019-05-02 (122) 00:00:00
BATTERY,UNKNOWN,UNKNOWN,O49A1-2019-05,2019-05-02 (122) 00:00:00,FUNCTIONAL,ASL,,,,,Yes,N4,O49A,"Covington, OH, USA",2019-05-02 (122) 00:00:00
BATTERY,UNKNOWN,UNKNOWN,O49A2-2019-05,2019-05-02 (122) 00:00:00,FUNCTIONAL,ASL,,,,,Yes,N4,O49A,"Covington, OH, USA",2019-05-02 (122) 00:00:00
BATTERY,UNKNOWN,UNKNOWN,S54A1-2019-05,2019-05-07 (127) 00:00:00,FUNCTIONAL,ASL,,,,,Yes,N4,S54A,"Dingess, Beckley, WV, USA",2019-05-07 (127) 00:00:00
BATTERY,UNKNOWN,UNKNOWN,S54A2-2019-05,2019-05-07 (127) 00:00:00,FUNCTIONAL,ASL,,,,,Yes,N4,S54A,"Dingess, Beckley, WV, USA",2019-05-07 (127) 00:00:00
BATTERY,UNKNOWN,UNKNOWN,U54A1-2019-05,2019-05-09 (129) 00:00:00,FUNCTIONAL,ASL,,,,,Yes,N4,U54A,"Nelson's Funny Farm, Mountain City, TN, USA",2019-05-09 (129) 00:00:00
BATTERY,UNKNOWN,UNKNOWN,U54A2-2019-05,2019-05-09 (129) 00:00:00,FUNCTIONAL,ASL,,,,,Yes,N4,U54A,"Nelson's Funny Farm, Mountain City, TN, USA",2019-05-09 (129) 00:00:00
BATTERY,UNKNOWN,UNKNOWN,R55A1-2019-05,2019-05-10 (130) 00:00:00,FUNCTIONAL,ASL,,,,,Yes,N4,R55A,"Marlinton, WV, USA",2019-05-10 (130) 00:00:00
BATTERY,UNKNOWN,UNKNOWN,R55A2-2019-05,2019-05-10 (130) 00:00:00,FUNCTIONAL,ASL,,,,,Yes,N4,R55A,"Marlinton, WV, USA",2019-05-10 (130) 00:00:00
BATTERY,UNKNOWN,UNKNOWN,R55A3-2019-05,2019-05-10 (130) 00:00:00,FUNCTIONAL,ASL,,,,,Yes,N4,R55A,"Marlinton, WV, USA",2019-05-10 (130) 00:00:00
BATTERY,UNKNOWN,UNKNOWN,R55A4-2019-05,2019-05-10 (130) 00:00:00,FUNCTIONAL,ASL,,,,,Yes,N4,R55A,"Marlinton, WV, USA",2019-05-10 (130) 00:00:00
BATTERY,UNKNOWN,UNKNOWN,J61A1-2019-05,2019-05-28 (148) 00:00:00,FUNCTIONAL,ASL,,,,,Yes,N4,J61A,Chester,2019-05-28 (148) 00:00:00
BATTERY,UNKNOWN,UNKNOWN,J61A2-2019-05,2019-05-28 (148) 00:00:00,FUNCTIONAL,ASL,,,,,Yes,N4,J61A,Chester,2019-05-28 (148) 00:00:00
BATTERY,UNKNOWN,UNKNOWN,J61A3-2019-05,2019-05-28 (148) 00:00:00,FUNCTIONAL,ASL,,,,,Yes,N4,J61A,Chester,2019-05-28 (148) 00:00:00
BATTERY,UNKNOWN,UNKNOWN,H62A1-2019-06,2019-06-03 (154) 00:00:00,FUNCTIONAL,ASL,,,,,Yes,N4,H62A,"Milan, NH, USA",2019-06-03 (154) 00:00:00
BATTERY,UNKNOWN,UNKNOWN,H62A2-2019-06,2019-06-03 (154) 00:00:00,FUNCTIONAL,ASL,,,,,Yes,N4,H62A,"Milan, NH, USA",2019-06-03 (154) 00:00:00
BATTERY,UNKNOWN,UNKNOWN,H62A3-2019-06,2019-06-03 (154) 00:00:00,FUNCTIONAL,ASL,,,,,Yes,N4,H62A,"Milan, NH, USA",2019-06-03 (154) 00:00:00
BATTERY,UNKNOWN,UNKNOWN,R40B1-2019-06,2019-06-14 (165) 00:00:00,FUNCTIONAL,ASL,,,,,Yes,N4,R40B,"Maddies Station, St. Elizabeth, MO, USA",2019-06-14 (165) 00:00:00
BATTERY,UNKNOWN,UNKNOWN,R40B2-2019-06,2019-06-14 (165) 00:00:00,FUNCTIONAL,ASL,,,,,Yes,N4,R40B,"Maddies Station, St. Elizabeth, MO, USA",2019-06-14 (165) 00:00:00
BATTERY,UNKNOWN,UNKNOWN,R40B3-2019-06,2019-06-14 (165) 00:00:00,FUNCTIONAL,ASL,,,,,Yes,N4,R40B,"Maddies Station, St. Elizabeth, MO, USA",2019-06-14 (165) 00:00:00
BATTERY,UNKNOWN,UNKNOWN,S44A1-2019-06,2019-06-15 (166) 00:00:00,FUNCTIONAL,ASL,,,,,Yes,N4,S44A,"Carbondale, IL, USA",2019-06-15 (166) 00:00:00
BATTERY,UNKNOWN,UNKNOWN,S44A2-2019-06,2019-06-15 (166) 00:00:00,FUNCTIONAL,ASL,,,,,Yes,N4,S44A,"Carbondale, IL, USA",2019-06-15 (166) 00:00:00
BATTERY,UNKNOWN,UNKNOWN,U48A1-2019-08,2019-08-17 (229) 00:00:00,FUNCTIONAL,ASL,,,,,Yes,N4,V48A,"Smith Brothers Farm, Spring Hill, TN, USA",2019-08-17 (229) 00:00:00
BATTERY,UNKNOWN,UNKNOWN,U48A2-2019-08,2019-08-17 (229) 00:00:00,FUNCTIONAL,ASL,,,,,Yes,N4,V48A,"Smith Brothers Farm, Spring Hill, TN, USA",2019-08-17 (229) 00:00:00
BATTERY,UNKNOWN,UNKNOWN,553A1-2019-08,2019-08-18 (230) 00:00:00,FUNCTIONAL,ASL,,,,,Yes,N4,553A,"Crawfordville, FL, USA",2019-08-18 (230) 00:00:00
BATTERY,UNKNOWN,UNKNOWN,553A2-2019-08,2019-08-18 (230) 00:00:00,FUNCTIONAL,ASL,,,,,Yes,N4,553A,"Crawfordville, FL, USA",2019-08-18 (230) 00:00:00
BATTERY,UNKNOWN,UNKNOWN,352A1-2019-08,2019-08-19 (231) 00:00:00,FUNCTIONAL,ASL,,,,,Yes,N4,352A,"Blakely, GA, USA",2019-08-19 (231) 00:00:00
BATTERY,UNKNOWN,UNKNOWN,Y60A1-2019-08,2019-08-21 (233) 00:00:00,FUNCTIONAL,ASL,,,,,Yes,N4,Y60A,"Bolivia, NC, USA",2019-08-21 (233) 00:00:00
BATTERY,UNKNOWN,UNKNOWN,F42A1-2019-09,2019-09-16 (259) 00:00:00,FUNCTIONAL,ASL,,,,,Yes,N4,F42A,"Maple Grove Farm, Niagara, WI, USA",2019-09-16 (259) 00:00:00
BATTERY,UNKNOWN,UNKNOWN,F42A2-2019-09,2019-09-16 (259) 00:00:00,FUNCTIONAL,ASL,,,,,Yes,N4,F42A,"Maple Grove Farm, Niagara, WI, USA",2019-09-16 (259) 00:00:00
BATTERY,UNKNOWN,UNKNOWN,E46A1-2019-09,2019-09-19 (262) 00:00:00,FUNCTIONAL,ASL,,,,,Yes,N4,E46A,"Sault Ste Marie, MI, USA",2019-09-19 (262) 00:00:00
BATTERY,UNKNOWN,UNKNOWN,E46A2-2019-09,2019-09-19 (262) 00:00:00,FUNCTIONAL,ASL,,,,,Yes,N4,E46A,"Sault Ste Marie, MI, USA",2019-09-19 (262) 00:00:00
BATTERY,UNKNOWN,UNKNOWN,143B1-2019-09,2019-09-24 (267) 00:00:00,FUNCTIONAL,ASL,,,,,Yes,N4,143B,"Socs Landing, Pioneer, LA, USA",2019-09-24 (267) 00:00:00
BATTERY,UNKNOWN,UNKNOWN,143B2-2019-09,2019-09-24 (267) 00:00:00,FUNCTIONAL,ASL,,,,,Yes,N4,143B,"Socs Landing, Pioneer, LA, USA",2019-09-24 (267) 00:00:00
BATTERY,UNKNOWN,UNKNOWN,143B3-2019-09,2019-09-24 (267) 00:00:00,FUNCTIONAL,ASL,,,,,Yes,N4,143B,"Socs Landing, Pioneer, LA, USA",2019-09-24 (267) 00:00:00
BATTERY,UNKNOWN,UNKNOWN,143B4-2019-09,2019-09-24 (267) 00:00:00,FUNCTIONAL,ASL,,,,,Yes,N4,143B,"Socs Landing, Pioneer, LA, USA",2019-09-24 (267) 00:00:00
BATTERY,UNKNOWN,UNKNOWN,146B1-2019-09,2019-09-24 (267) 00:00:00,FUNCTIONAL,ASL,,,,,Yes,N4,146B,"Union, MS, USA",2019-09-24 (267) 00:00:00
BATTERY,UNKNOWN,UNKNOWN,146B2-2019-09,2019-09-24 (267) 00:00:00,FUNCTIONAL,ASL,,,,,Yes,N4,146B,"Union, MS, USA",2019-09-24 (267) 00:00:00
BATTERY,UNKNOWN,UNKNOWN,J55A1-2019-09,2019-09-26 (269) 00:00:00,FUNCTIONAL,ASL,,,,,Yes,N4,J55A,"Hilton, NY, USA",2019-09-26 (269) 00:00:00
BATTERY,UNKNOWN,UNKNOWN,J55A2-2019-09,2019-09-26 (269) 00:00:00,FUNCTIONAL,ASL,,,,,Yes,N4,J55A,"Hilton, NY, USA",2019-09-26 (269) 00:00:00
BATTERY,UNKNOWN,UNKNOWN,D62A1-2019-10,2019-10-01 (274) 00:00:00,FUNCTIONAL,ASL,,,,,Yes,N4,D62A,"Allapoint, Allagash, ME, USA",2019-10-01 (274) 00:00:00
BATTERY,UNKNOWN,UNKNOWN,D62A2-2019-10,2019-10-01 (274) 00:00:00,FUNCTIONAL,ASL,,,,,Yes,N4,D62A,"Allapoint, Allagash, ME, USA",2019-10-01 (274) 00:00:00
BATTERY,UNKNOWN,UNKNOWN,D62A3-2019-10,2019-10-01 (274) 00:00:00,FUNCTIONAL,ASL,,,,,Yes,N4,D62A,"Allapoint, Allagash, ME, USA",2019-10-01 (274) 00:00:00
BATTERY,UNKNOWN,UNKNOWN,D62A4-2019-10,2019-10-01 (274) 00:00:00,FUNCTIONAL,ASL,,,,,Yes,N4,D62A,"Allapoint, Allagash, ME, USA",2019-10-01 (274) 00:00:00
BATTERY,UNKNOWN,UNKNOWN,D62A5-2019-10,2019-10-01 (274) 00:00:00,FUNCTIONAL,ASL,,,,,Yes,N4,D62A,"Allapoint, Allagash, ME, USA",2019-10-01 (274) 00:00:00
BATTERY,UNKNOWN,UNKNOWN,D62A6-2019-10,2019-10-01 (274) 00:00:00,FUNCTIONAL,ASL,,,,,Yes,N4,D62A,"Allapoint, Allagash, ME, USA",2019-10-01 (274) 00:00:00
BATTERY,UNKNOWN,UNKNOWN,P43A1-2019-12,2019-12-15 (349) 00:00:00,FUNCTIONAL,ASL,,,,,Yes,N4,P43A,"Skaggs, Pawnee, IL, USA",2019-12-15 (349) 00:00:00
BATTERY,UNKNOWN,UNKNOWN,P43A2-2019-12,2019-12-15 (349) 00:00:00,FUNCTIONAL,ASL,,,,,Yes,N4,P43A,"Skaggs, Pawnee, IL, USA",2019-12-15 (349) 00:00:00
BATTERY,UNKNOWN,UNKNOWN,S39B1-2019-12,2019-12-16 (350) 00:00:00,FUNCTIONAL,ASL,,,,,Yes,N4,S39B,"Bolivar, MO, USA",2019-12-16 (350) 00:00:00
BATTERY,UNKNOWN,UNKNOWN,S39B2-2019-12,2019-12-16 (350) 00:00:00,FUNCTIONAL,ASL,,,,,Yes,N4,S39B,"Bolivar, MO, USA",2019-12-16 (350) 00:00:00
BATTERY,UNKNOWN,UNKNOWN,T35B1-2020-01,2020-01-12 (012) 00:00:00,FUNCTIONAL,ASL,,,,,Yes,N4,T35B,"Sooner Cattle Company, Foraker, OK, USA",2020-01-12 (012) 00:00:00
BATTERY,UNKNOWN,UNKNOWN,T35B2-2020-01,2020-01-12 (012) 00:00:00,FUNCTIONAL,ASL,,,,,Yes,N4,T35B,"Sooner Cattle Company, Foraker, OK, USA",2020-01-12 (012) 00:00:00
BATTERY,UNKNOWN,UNKNOWN,T42B1-2020-01,2020-01-12 (012) 00:00:00,FUNCTIONAL,ASL,,,,,Yes,N4,T42B,T42B,2020-01-12 (012) 00:00:00
BATTERY,UNKNOWN,UNKNOWN,T42B2-2020-01,2020-01-12 (012) 00:00:00,FUNCTIONAL,ASL,,,,,Yes,N4,T42B,T42B,2020-01-12 (012) 00:00:00
BATTERY,UNKNOWN,UNKNOWN,W57A1-2020-01,2020-01-16 (016) 00:00:00,FUNCTIONAL,ASL,,,,,Yes,N4,W57A,"Gilead, NC, USA",2020-01-16 (016) 00:00:00
BATTERY,UNKNOWN,UNKNOWN,W57A2-2020-01,2020-01-16 (016) 00:00:00,FUNCTIONAL,ASL,,,,,Yes,N4,W57A,"Gilead, NC, USA",2020-01-16 (016) 00:00:00
BATTERY,UNKNOWN,UNKNOWN,X48A1-2020-01,2020-01-17 (017) 00:00:00,FUNCTIONAL,ASL,,,,,Yes,N4,X48A,"Hartselle, AL, USA",2020-01-17 (017) 00:00:00
BATTERY,UNKNOWN,UNKNOWN,X48A2-2020-01,2020-01-17 (017) 00:00:00,FUNCTIONAL,ASL,,,,,Yes,N4,X48A,"Hartselle, AL, USA",2020-01-17 (017) 00:00:00
BATTERY,UNKNOWN,UNKNOWN,X48A3-2020-01,2020-01-17 (017) 00:00:00,FUNCTIONAL,ASL,,,,,Yes,N4,X48A,"Hartselle, AL, USA",2020-01-17 (017) 00:00:00
BATTERY,UNKNOWN,UNKNOWN,O20A1-2020-10,2020-10-16 (290) 00:00:00,FUNCTIONAL,ASL,,,,,Yes,N4,O20A,"White River City, CO, USA",2020-10-17 (291) 00:00:00
BATTERY,UNKNOWN,UNKNOWN,O20A2-2020-10,2020-10-16 (290) 00:00:00,FUNCTIONAL,ASL,,,,,Yes,N4,O20A,"White River City, CO, USA",2020-10-17 (291) 00:00:00
BATTERY,UNKNOWN,UNKNOWN,O20A3-2020-10,2020-10-16 (290) 00:00:00,FUNCTIONAL,ASL,,,,,Yes,N4,O20A,"White River City, CO, USA",2020-10-17 (291) 00:00:00
BATTERY,UNKNOWN,UNKNOWN,Q51A1-2020-11,2020-11-08 (313) 00:00:00,FUNCTIONAL,ASL,,,,,Yes,N4,Q51A,"Peebles, OH, USA",2020-11-08 (313) 00:00:00
BATTERY,UNKNOWN,UNKNOWN,Q51A2-2020-11,2020-11-08 (313) 00:00:00,FUNCTIONAL,ASL,,,,,Yes,N4,Q51A,"Peebles, OH, USA",2020-11-08 (313) 00:00:00
BATTERY,UNKNOWN,UNKNOWN,Q51A3-2020-11,2020-11-08 (313) 00:00:00,FUNCTIONAL,ASL,,,,,Yes,N4,Q51A,"Peebles, OH, USA",2020-11-08 (313) 00:00:00
BATTERY,UNKNOWN,UNKNOWN,T47A1-2020-11,2020-11-09 (314) 00:00:00,FUNCTIONAL,ASL,,,,,Yes,N4,T47A,"Sharon Grove, KY, USA",2020-11-09 (314) 00:00:00
BATTERY,UNKNOWN,UNKNOWN,T47A2-2020-11,2020-11-09 (314) 00:00:00,FUNCTIONAL,ASL,,,,,Yes,N4,T47A,"Sharon Grove, KY, USA",2020-11-09 (314) 00:00:00
BATTERY,UNKNOWN,UNKNOWN,U49A1-2020-11,2020-11-10 (315) 17:00:00,FUNCTIONAL,ASL,,,,,Yes,N4,U49A,"Red Boiling Springs, TN, USA",2020-11-10 (315) 17:00:00
BATTERY,UNKNOWN,UNKNOWN,U49A2-2020-11,2020-11-10 (315) 17:00:00,FUNCTIONAL,ASL,,,,,Yes,N4,U49A,"Red Boiling Springs, TN, USA",2020-11-10 (315) 17:00:00
BATTERY,UNKNOWN,UNKNOWN,T50A1-2020-11,2020-11-11 (316) 19:00:00,FUNCTIONAL,ASL,,,,,Yes,N4,T50A,"Nancy, KY, USA",2020-11-11 (316) 19:00:00
BATTERY,UNKNOWN,UNKNOWN,T50A2-2020-11,2020-11-11 (316) 19:00:00,FUNCTIONAL,ASL,,,,,Yes,N4,T50A,"Nancy, KY, USA",2020-11-11 (316) 19:00:00
BATTERY,UNKNOWN,UNKNOWN,Q52A1-2020-11,2020-11-12 (317) 19:00:00,FUNCTIONAL,ASL,,,,,Yes,N4,Q52A,"Bidwell, OH, USA",2020-11-12 (317) 19:00:00
BATTERY,UNKNOWN,UNKNOWN,Q52A2-2020-11,2020-11-12 (317) 19:00:00,FUNCTIONAL,ASL,,,,,Yes,N4,Q52A,"Bidwell, OH, USA",2020-11-12 (317) 19:00:00
BATTERY,UNKNOWN,UNKNOWN,R32B1-2021-03,2021-03-30 (089) 16:00:00,FUNCTIONAL,ASL,,,,,Yes,N4,R32B,"Long Quarter, Great Bend, KS, USA",2021-03-30 (089) 16:00:00
BATTERY,UNKNOWN,UNKNOWN,R32B2-2021-03,2021-03-30 (089) 16:00:00,FUNCTIONAL,ASL,,,,,Yes,N4,R32B,"Long Quarter, Great Bend, KS, USA",2021-03-30 (089) 16:00:00
BATTERY,UNKNOWN,UNKNOWN,N35B1-2021-04,2021-04-01 (091) 16:00:00,FUNCTIONAL,ASL,,,,,Yes,N4,N35B,"Tabor, IA, USA",2021-04-01 (091) 16:00:00
BATTERY,UNKNOWN,UNKNOWN,N35B2-2021-04,2021-04-01 (091) 16:00:00,FUNCTIONAL,ASL,,,,,Yes,N4,N35B,"Tabor, IA, USA",2021-04-01 (091) 16:00:00
BATTERY,UNKNOWN,UNKNOWN,L34B1-2021-04,2021-04-02 (092) 16:00:00,FUNCTIONAL,ASL,,,,,Yes,N4,L34B,"Svendsen Farm, Lyons, NE, USA",2021-04-02 (092) 16:00:00
BATTERY,UNKNOWN,UNKNOWN,L34B2-2021-04,2021-04-02 (092) 16:00:00,FUNCTIONAL,ASL,,,,,Yes,N4,L34B,"Svendsen Farm, Lyons, NE, USA",2021-04-02 (092) 16:00:00
BATTERY,UNKNOWN,UNKNOWN,L34B3-2021-04,2021-04-02 (092) 16:00:00,FUNCTIONAL,ASL,,,,,Yes,N4,L34B,"Svendsen Farm, Lyons, NE, USA",2021-04-02 (092) 16:00:00
BATTERY,UNKNOWN,UNKNOWN,BGNE1-2021-04,2021-04-02 (092) 20:00:00,FUNCTIONAL,ASL,,,,,Yes,N4,BGNE,"Belgrade, NE, USA",2021-04-02 (092) 20:00:00
BATTERY,UNKNOWN,UNKNOWN,BGNE2-2021-04,2021-04-02 (092) 20:00:00,FUNCTIONAL,ASL,,,,,Yes,N4,BGNE,"Belgrade, NE, USA",2021-04-02 (092) 20:00:00
BATTERY,UNKNOWN,UNKNOWN,BGNE3-2021-04,2021-04-02 (092) 20:00:00,FUNCTIONAL,ASL,,,,,Yes,N4,BGNE,"Belgrade, NE, USA",2021-04-02 (092) 20:00:00
BATTERY,UNKNOWN,UNKNOWN,BGNE4-2021-04,2021-04-02 (092) 20:00:00,FUNCTIONAL,ASL,,,,,Yes,N4,BGNE,"Belgrade, NE, USA",2021-04-02 (092) 20:00:00
BATTERY,UNKNOWN,UNKNOWN,BGNE5-2021-04,2021-04-02 (092) 20:00:00,FUNCTIONAL,ASL,,,,,Yes,N4,BGNE,"Belgrade, NE, USA",2021-04-02 (092) 20:00:00
BATTERY,UNKNOWN,UNKNOWN,BGNE6-2021-04,2021-04-02 (092) 20:00:00,FUNCTIONAL,ASL,,,,,Yes,N4,BGNE,"Belgrade, NE, USA",2021-04-02 (092) 20:00:00
BATTERY,UNKNOWN,UNKNOWN,K30B1-2021-04,2021-04-03 (093) 18:30:00,FUNCTIONAL,ASL,,,,,Yes,N4,K30B,"Basset, NE, USA",2021-04-03 (093) 18:30:00
BATTERY,UNKNOWN,UNKNOWN,K30B2-2021-04,2021-04-03 (093) 18:30:00,FUNCTIONAL,ASL,,,,,Yes,N4,K30B,"Basset, NE, USA",2021-04-03 (093) 18:30:00
BATTERY,UNKNOWN,UNKNOWN,K30B3-2021-04,2021-04-03 (093) 18:30:00,FUNCTIONAL,ASL,,,,,Yes,N4,K30B,"Basset, NE, USA",2021-04-03 (093) 18:30:00
BATTERY,UNKNOWN,UNKNOWN,U38B1-2021-04,2021-04-24 (114) 23:45:00,FUNCTIONAL,ASL,,,,,Yes,N4,U38B,"Mount Pleasant Farm, Gravette, AR, USA",2021-04-24 (114) 23:45:00
BATTERY,UNKNOWN,UNKNOWN,U38B2-2021-04,2021-04-24 (114) 23:45:00,FUNCTIONAL,ASL,,,,,Yes,N4,U38B,"Mount Pleasant Farm, Gravette, AR, USA",2021-04-24 (114) 23:45:00
BATTERY,UNKNOWN,UNKNOWN,R49A1-2021-05,2021-05-23 (143) 16:00:00,FUNCTIONAL,ASL,,,,,Yes,N4,R49A,"Shelbyville, KY, USA",2021-05-23 (143) 16:00:00
BATTERY,UNKNOWN,UNKNOWN,R49A2-2021-05,2021-05-23 (143) 16:00:00,FUNCTIONAL,ASL,,,,,Yes,N4,R49A,"Shelbyville, KY, USA",2021-05-23 (143) 16:00:00
BATTERY,UNKNOWN,UNKNOWN,KSCO1-2021-05,2021-05-24 (144) 16:00:00,FUNCTIONAL,ASL,,,,,Yes,N4,KSCO,"Kaye Shedlock, Cheyenne Wells, CO, USA",2021-05-24 (144) 16:00:00
BATTERY,UNKNOWN,UNKNOWN,KSCO2-2021-05,2021-05-24 (144) 16:00:00,FUNCTIONAL,ASL,,,,,Yes,N4,KSCO,"Kaye Shedlock, Cheyenne Wells, CO, USA",2021-05-24 (144) 16:00:00
BATTERY,UNKNOWN,UNKNOWN,KSCO3-2021-05,2021-05-24 (144) 16:00:00,FUNCTIONAL,ASL,,,,,Yes,N4,KSCO,"Kaye Shedlock, Cheyenne Wells, CO, USA",2021-05-24 (144) 16:00:00
BATTERY,UNKNOWN,UNKNOWN,154A1-2021-06,2021-06-02 (153) 16:00:00,FUNCTIONAL,ASL,,,,,Yes,N4,154A,"Montrose, GA, USA",2021-06-02 (153) 16:00:00
BATTERY,UNKNOWN,UNKNOWN,154A2-2021-06,2021-06-02 (153) 16:00:00,FUNCTIONAL,ASL,,,,,Yes,N4,154A,"Montrose, GA, USA",2021-06-02 (153) 16:00:00
BATTERY,UNKNOWN,UNKNOWN,154A3-2021-06,2021-06-02 (153) 16:00:00,FUNCTIONAL,ASL,,,,,Yes,N4,154A,"Montrose, GA, USA",2021-06-02 (153) 16:00:00
BATTERY,UNKNOWN,UNKNOWN,456A1-2021-06,2021-06-03 (154) 00:00:00,FUNCTIONAL,ASL,,,,,Yes,N4,456A,"Hilliard, FL, USA",2021-06-03 (154) 00:00:00
BATTERY,UNKNOWN,UNKNOWN,456A2-2021-06,2021-06-03 (154) 00:00:00,FUNCTIONAL,ASL,,,,,Yes,N4,456A,"Hilliard, FL, USA",2021-06-03 (154) 00:00:00
BATTERY,UNKNOWN,UNKNOWN,ABTX1-2021-06,2021-06-04 (155) 16:00:00,FUNCTIONAL,ASL,,,,,Yes,N4,ABTX,"Abilene, Hawley, TX, USA",2021-06-04 (155) 16:00:00
BATTERY,UNKNOWN,UNKNOWN,ABTX2-2021-06,2021-06-04 (155) 16:00:00,FUNCTIONAL,ASL,,,,,Yes,N4,ABTX,"Abilene, Hawley, TX, USA",2021-06-04 (155) 16:00:00
BATTERY,UNKNOWN,UNKNOWN,ABTX3-2021-06,2021-06-04 (155) 16:00:00,FUNCTIONAL,ASL,,,,,Yes,N4,ABTX,"Abilene, Hawley, TX, USA",2021-06-04 (155) 16:00:00
BATTERY,UNKNOWN,UNKNOWN,ABTX4-2021-06,2021-06-04 (155) 16:00:00,FUNCTIONAL,ASL,,,,,Yes,N4,ABTX,"Abilene, Hawley, TX, USA",2021-06-04 (155) 16:00:00
BATTERY,UNKNOWN,UNKNOWN,WHTX1-2021-06,2021-06-05 (156) 18:00:00,FUNCTIONAL,ASL,,,,,Yes,N4,WHTX,"Lake Whitney, Meridian, TX, USA",2021-06-05 (156) 18:00:00
BATTERY,UNKNOWN,UNKNOWN,WHTX2-2021-06,2021-06-05 (156) 18:00:00,FUNCTIONAL,ASL,,,,,Yes,N4,WHTX,"Lake Whitney, Meridian, TX, USA",2021-06-05 (156) 18:00:00
BATTERY,UNKNOWN,UNKNOWN,WHTX3-2021-06,2021-06-05 (156) 18:00:00,FUNCTIONAL,ASL,,,,,Yes,N4,WHTX,"Lake Whitney, Meridian, TX, USA",2021-06-05 (156) 18:00:00
BATTERY,UNKNOWN,UNKNOWN,735B1-2021-06,2021-06-06 (157) 18:00:00,FUNCTIONAL,ASL,,,,,Yes,N4,735B,"Kenedy, TX, USA",2021-06-06 (157) 18:00:00
BATTERY,UNKNOWN,UNKNOWN,735B2-2016-06,2021-06-06 (157) 18:00:00,FUNCTIONAL,ASL,,,,,Yes,N4,735B,"Kenedy, TX, USA",2021-06-06 (157) 18:00:00
BATTERY,UNKNOWN,UNKNOWN,250A1-2021-06,2021-06-07 (158) 16:00:00,FUNCTIONAL,ASL,,,,,Yes,N4,250A,"Grady, AL, USA",2021-06-07 (158) 16:00:00
BATTERY,UNKNOWN,UNKNOWN,250A2-2021-06,2021-06-07 (158) 16:00:00,FUNCTIONAL,ASL,,,,,Yes,N4,250A,"Grady, AL, USA",2021-06-07 (158) 16:00:00
BATTERY,UNKNOWN,UNKNOWN,X51A1-2021-06,2021-06-08 (159) 16:00:00,FUNCTIONAL,ASL,,,,,Yes,N4,X51A,"Calhoun, GA, USA",2021-06-08 (159) 16:00:00
BATTERY,UNKNOWN,UNKNOWN,X51A2-2021-06,2021-06-08 (159) 16:00:00,FUNCTIONAL,ASL,,,,,Yes,N4,X51A,"Calhoun, GA, USA",2021-06-08 (159) 16:00:00
BATTERY,UNKNOWN,UNKNOWN,SPMN1-2021-06,2021-06-09 (160) 16:00:00,FUNCTIONAL,ASL,,,,,Yes,N4,SPMN,"Marine on St. Croix, MN, USA",2021-06-09 (160) 16:00:00
BATTERY,UNKNOWN,UNKNOWN,SPMN2-2021-06,2021-06-09 (160) 16:00:00,FUNCTIONAL,ASL,,,,,Yes,N4,SPMN,"Marine on St. Croix, MN, USA",2021-06-09 (160) 16:00:00
BATTERY,UNKNOWN,UNKNOWN,SPMN3-2021-06,2021-06-09 (160) 16:00:00,FUNCTIONAL,ASL,,,,,Yes,N4,SPMN,"Marine on St. Croix, MN, USA",2021-06-09 (160) 16:00:00
BATTERY,UNKNOWN,UNKNOWN,SPMN4-2021-06,2021-06-09 (160) 16:00:00,FUNCTIONAL,ASL,,,,,Yes,N4,SPMN,"Marine on St. Croix, MN, USA",2021-06-09 (160) 16:00:00
BATTERY,UNKNOWN,UNKNOWN,E28B1-2021-06,2021-06-12 (163) 16:00:00,FUNCTIONAL,ASL,,,,,Yes,N4,E28B,"Huff Hills, Mandan, ND, USA",2021-06-12 (163) 16:00:00
BATTERY,UNKNOWN,UNKNOWN,E28B2-2021-06,2021-06-12 (163) 16:00:00,FUNCTIONAL,ASL,,,,,Yes,N4,E28B,"Huff Hills, Mandan, ND, USA",2021-06-12 (163) 16:00:00
BATTERY,UNKNOWN,UNKNOWN,E28B3-2021-06,2021-06-12 (163) 16:00:00,FUNCTIONAL,ASL,,,,,Yes,N4,E28B,"Huff Hills, Mandan, ND, USA",2021-06-12 (163) 16:00:00
BATTERY,UNKNOWN,UNKNOWN,E62A1-2021-06,2021-06-12 (163) 16:00:00,FUNCTIONAL,ASL,,,,,Yes,N4,E62A,"Clayton Lake, ME, USA",2021-06-12 (163) 16:00:00
BATTERY,UNKNOWN,UNKNOWN,E62A10-2021-06,2021-06-12 (163) 16:00:00,FUNCTIONAL,ASL,,,,,Yes,N4,E62A,"Clayton Lake, ME, USA",2021-06-12 (163) 16:00:00
BATTERY,UNKNOWN,UNKNOWN,E62A11-2021-06,2021-06-12 (163) 16:00:00,FUNCTIONAL,ASL,,,,,Yes,N4,E62A,"Clayton Lake, ME, USA",2021-06-12 (163) 16:00:00
BATTERY,UNKNOWN,UNKNOWN,E62A12-2021-06,2021-06-12 (163) 16:00:00,FUNCTIONAL,ASL,,,,,Yes,N4,E62A,"Clayton Lake, ME, USA",2021-06-12 (163) 16:00:00
BATTERY,UNKNOWN,UNKNOWN,E62A2-2021-06,2021-06-12 (163) 16:00:00,FUNCTIONAL,ASL,,,,,Yes,N4,E62A,"Clayton Lake, ME, USA",2021-06-12 (163) 16:00:00
BATTERY,UNKNOWN,UNKNOWN,E62A3-2021-06,2021-06-12 (163) 16:00:00,FUNCTIONAL,ASL,,,,,Yes,N4,E62A,"Clayton Lake, ME, USA",2021-06-12 (163) 16:00:00
BATTERY,UNKNOWN,UNKNOWN,E62A4-2021-06,2021-06-12 (163) 16:00:00,FUNCTIONAL,ASL,,,,,Yes,N4,E62A,"Clayton Lake, ME, USA",2021-06-12 (163) 16:00:00
BATTERY,UNKNOWN,UNKNOWN,E62A5-2021-06,2021-06-12 (163) 16:00:00,FUNCTIONAL,ASL,,,,,Yes,N4,E62A,"Clayton Lake, ME, USA",2021-06-12 (163) 16:00:00
BATTERY,UNKNOWN,UNKNOWN,E62A6-2021-06,2021-06-12 (163) 16:00:00,FUNCTIONAL,ASL,,,,,Yes,N4,E62A,"Clayton Lake, ME, USA",2021-06-12 (163) 16:00:00
BATTERY,UNKNOWN,UNKNOWN,E62A7-2021-06,2021-06-12 (163) 16:00:00,FUNCTIONAL,ASL,,,,,Yes,N4,E62A,"Clayton Lake, ME, USA",2021-06-12 (163) 16:00:00
BATTERY,UNKNOWN,UNKNOWN,E62A8-2021-06,2021-06-12 (163) 16:00:00,FUNCTIONAL,ASL,,,,,Yes,N4,E62A,"Clayton Lake, ME, USA",2021-06-12 (163) 16:00:00
BATTERY,UNKNOWN,UNKNOWN,E62A9-2021-06,2021-06-12 (163) 16:00:00,FUNCTIONAL,ASL,,,,,Yes,N4,E62A,"Clayton Lake, ME, USA",2021-06-12 (163) 16:00:00
BATTERY,UNKNOWN,UNKNOWN,K22A1-2021-06,2021-06-14 (165) 16:00:00,FUNCTIONAL,ASL,,,,,Yes,N4,K22A,"Casper, WY, USA",2021-06-14 (165) 16:00:00
BATTERY,UNKNOWN,UNKNOWN,K22A2-2021-06,2021-06-14 (165) 16:00:00,FUNCTIONAL,ASL,,,,,Yes,N4,K22A,"Casper, WY, USA",2021-06-14 (165) 16:00:00
BATTERY,UNKNOWN,UNKNOWN,K22A3-2021-06,2021-06-14 (165) 16:00:00,FUNCTIONAL,ASL,,,,,Yes,N4,K22A,"Casper, WY, USA",2021-06-14 (165) 16:00:00
BATTERY,UNKNOWN,UNKNOWN,MSTX1-2021-06,2021-06-23 (174) 16:00:00,FUNCTIONAL,ASL,,,,,Yes,N4,MSTX,"Muleshoe, TX, USA",2021-06-23 (174) 16:00:00
BATTERY,UNKNOWN,UNKNOWN,MSTX2-2021-06,2021-06-23 (174) 16:00:00,FUNCTIONAL,ASL,,,,,Yes,N4,MSTX,"Muleshoe, TX, USA",2021-06-23 (174) 16:00:00
BATTERY,UNKNOWN,UNKNOWN,MSTX3-2021-06,2021-06-23 (174) 16:00:00,FUNCTIONAL,ASL,,,,,Yes,N4,MSTX,"Muleshoe, TX, USA",2021-06-23 (174) 16:00:00
BATTERY,UNKNOWN,UNKNOWN,MSTX4-2021-06,2021-06-23 (174) 16:00:00,FUNCTIONAL,ASL,,,,,Yes,N4,MSTX,"Muleshoe, TX, USA",2021-06-23 (174) 16:00:00
BATTERY,UNKNOWN,UNKNOWN,MSTX5-2021-06,2021-06-23 (174) 16:00:00,FUNCTIONAL,ASL,,,,,Yes,N4,MSTX,"Muleshoe, TX, USA",2021-06-23 (174) 16:00:00
BATTERY,UNKNOWN,UNKNOWN,MSTX6-2021-06,2021-06-23 (174) 16:00:00,FUNCTIONAL,ASL,,,,,Yes,N4,MSTX,"Muleshoe, TX, USA",2021-06-23 (174) 16:00:00
BATTERY,UNKNOWN,UNKNOWN,MSTX7-2021-06,2021-06-23 (174) 16:00:00,FUNCTIONAL,ASL,,,,,Yes,N4,MSTX,"Muleshoe, TX, USA",2021-06-23 (174) 16:00:00
BATTERY,UNKNOWN,UNKNOWN,MSTX8-2021-06,2021-06-23 (174) 16:00:00,FUNCTIONAL,ASL,,,,,Yes,N4,MSTX,"Muleshoe, TX, USA",2021-06-23 (174) 16:00:00
BATTERY,UNKNOWN,UNKNOWN,Y45B1-2021-07,2021-07-01 (182) 16:00:00,FUNCTIONAL,ASL,,,,,Yes,N4,Y45B,"Coffeeville, MS, USA",2021-07-01 (182) 16:00:00
BATTERY,UNKNOWN,UNKNOWN,Y45B2-2021-07,2021-07-01 (182) 16:00:00,FUNCTIONAL,ASL,,,,,Yes,N4,Y45B,"Coffeeville, MS, USA",2021-07-01 (182) 16:00:00
BATTERY,UNKNOWN,UNKNOWN,Z47B1-2021-07,2021-07-02 (183) 16:00:00,FUNCTIONAL,ASL,,,,,Yes,N4,Z47B,"Carrollton, AL, USA",2021-07-02 (183) 16:00:00
BATTERY,UNKNOWN,UNKNOWN,Z47B2-2021-07,2021-07-02 (183) 16:00:00,FUNCTIONAL,ASL,,,,,Yes,N4,Z47B,"Carrollton, AL, USA",2021-07-02 (183) 16:00:00
BATTERY,UNKNOWN,UNKNOWN,G40A1-2021-07,2021-07-10 (191) 16:00:00,FUNCTIONAL,ASL,,,,,Yes,N4,G40A,"Rib Lake, WI, USA",2021-07-10 (191) 16:00:00
BATTERY,UNKNOWN,UNKNOWN,G40A2-2021-07,2021-07-10 (191) 16:00:00,FUNCTIONAL,ASL,,,,,Yes,N4,G40A,"Rib Lake, WI, USA",2021-07-10 (191) 16:00:00
BATTERY,UNKNOWN,UNKNOWN,G40A3-2021-07,2021-07-10 (191) 16:00:00,FUNCTIONAL,ASL,,,,,Yes,N4,G40A,"Rib Lake, WI, USA",2021-07-10 (191) 16:00:00
BATTERY,UNKNOWN,UNKNOWN,G40A4-2021-07,2021-07-10 (191) 16:00:00,FUNCTIONAL,ASL,,,,,Yes,N4,G40A,"Rib Lake, WI, USA",2021-07-10 (191) 16:00:00
BATTERY,UNKNOWN,UNKNOWN,H43A1-2021-07,2021-07-11 (192) 16:00:00,FUNCTIONAL,ASL,,,,,Yes,N4,H43A,"Windswept, Luxemburg, WI, USA",2021-07-11 (192) 16:00:00
BATTERY,UNKNOWN,UNKNOWN,H43A2-2021-07,2021-07-11 (192) 16:00:00,FUNCTIONAL,ASL,,,,,Yes,N4,H43A,"Windswept, Luxemburg, WI, USA",2021-07-11 (192) 16:00:00
BATTERY,UNKNOWN,UNKNOWN,H43A3-2021-07,2021-07-11 (192) 16:00:00,FUNCTIONAL,ASL,,,,,Yes,N4,H43A,"Windswept, Luxemburg, WI, USA",2021-07-11 (192) 16:00:00
BATTERY,UNKNOWN,UNKNOWN,I42A1-2021-07,2021-07-12 (193) 16:00:00,FUNCTIONAL,ASL,,,,,Yes,N4,I42A,"Draeger Farm, Ripon, WI, USA",2021-07-12 (193) 16:00:00
BATTERY,UNKNOWN,UNKNOWN,I42A2-2021-07,2021-07-12 (193) 16:00:00,FUNCTIONAL,ASL,,,,,Yes,N4,I42A,"Draeger Farm, Ripon, WI, USA",2021-07-12 (193) 16:00:00
BATTERY,UNKNOWN,UNKNOWN,I42A3-2021-07,2021-07-12 (193) 16:00:00,FUNCTIONAL,ASL,,,,,Yes,N4,I42A,"Draeger Farm, Ripon, WI, USA",2021-07-12 (193) 16:00:00
BATTERY,UNKNOWN,UNKNOWN,I42A4-2021-07,2021-07-12 (193) 16:00:00,FUNCTIONAL,ASL,,,,,Yes,N4,I42A,"Draeger Farm, Ripon, WI, USA",2021-07-12 (193) 16:00:00
BATTERY,UNKNOWN,UNKNOWN,I40B1-2021-07,2021-07-13 (194) 16:00:00,FUNCTIONAL,ASL,,,,,Yes,N4,I40B,"Norwalk, WI, USA",2021-07-13 (194) 16:00:00
BATTERY,UNKNOWN,UNKNOWN,I40B2-2021-07,2021-07-13 (194) 16:00:00,FUNCTIONAL,ASL,,,,,Yes,N4,I40B,"Norwalk, WI, USA",2021-07-13 (194) 16:00:00
BATTERY,UNKNOWN,UNKNOWN,I40B3-2021-07,2021-07-13 (194) 16:00:00,FUNCTIONAL,ASL,,,,,Yes,N4,I40B,"Norwalk, WI, USA",2021-07-13 (194) 16:00:00
BATTERY,UNKNOWN,UNKNOWN,K43A1-2021-07,2021-07-14 (195) 16:00:00,FUNCTIONAL,ASL,,,,,Yes,N4,K43A,"Burlington, WI, USA",2021-07-14 (195) 16:00:00
BATTERY,UNKNOWN,UNKNOWN,K43A2-2021-07,2021-07-14 (195) 16:00:00,FUNCTIONAL,ASL,,,,,Yes,N4,K43A,"Burlington, WI, USA",2021-07-14 (195) 16:00:00
BATTERY,UNKNOWN,UNKNOWN,K43A3-2021-07,2021-07-14 (195) 16:00:00,FUNCTIONAL,ASL,,,,,Yes,N4,K43A,"Burlington, WI, USA",2021-07-14 (195) 16:00:00
BATTERY,UNKNOWN,UNKNOWN,Y58A1-2021-07,2021-07-19 (200) 16:00:00,FUNCTIONAL,ASL,,,,,Yes,N4,Y58A,"Scranton, SC, USA",2021-07-19 (200) 16:00:00
BATTERY,UNKNOWN,UNKNOWN,Y58A2-2021-07,2021-07-19 (200) 16:00:00,FUNCTIONAL,ASL,,,,,Yes,N4,Y58A,"Scranton, SC, USA",2021-07-19 (200) 16:00:00
BATTERY,UNKNOWN,UNKNOWN,Y57A1-2021-07,2021-07-20 (201) 16:00:00,FUNCTIONAL,ASL,,,,,Yes,N4,Y57A,"Sumter, SC, USA",2021-07-20 (201) 16:00:00
BATTERY,UNKNOWN,UNKNOWN,Y57A2-2021-07,2021-07-20 (201) 16:00:00,FUNCTIONAL,ASL,,,,,Yes,N4,Y57A,"Sumter, SC, USA",2021-07-20 (201) 16:00:00
BATTERY,UNKNOWN,UNKNOWN,T57A1-2021-07,2021-07-23 (204) 16:00:00,FUNCTIONAL,ASL,,,,,Yes,N4,T57A,"Hurt, VA, USA",2021-07-23 (204) 16:00:00
BATTERY,UNKNOWN,UNKNOWN,T57A2-2021-07,2021-07-23 (204) 16:00:00,FUNCTIONAL,ASL,,,,,Yes,N4,T57A,"Hurt, VA, USA",2021-07-23 (204) 16:00:00
BATTERY,UNKNOWN,UNKNOWN,T59A1-2021-07,2021-07-24 (205) 16:00:00,FUNCTIONAL,ASL,,,,,Yes,N4,T59A,"Double 'B' Farms, VA, USA",2021-07-24 (205) 16:00:00
BATTERY,UNKNOWN,UNKNOWN,T59A2-2021-07,2021-07-24 (205) 16:00:00,FUNCTIONAL,ASL,,,,,Yes,N4,T59A,"Double 'B' Farms, VA, USA",2021-07-24 (205) 16:00:00
BATTERY,UNKNOWN,UNKNOWN,K62A1-2021-08,2021-08-03 (215) 16:00:00,FUNCTIONAL,ASL,,,,,Yes,N4,K62A,"Royalston, MA, USA",2021-08-03 (215) 16:00:00
BATTERY,UNKNOWN,UNKNOWN,K62A2-2021-08,2021-08-03 (215) 16:00:00,FUNCTIONAL,ASL,,,,,Yes,N4,K62A,"Royalston, MA, USA",2021-08-03 (215) 16:00:00
BATTERY,UNKNOWN,UNKNOWN,K62A3-2021-08,2021-08-03 (215) 16:00:00,FUNCTIONAL,ASL,,,,,Yes,N4,K62A,"Royalston, MA, USA",2021-08-03 (215) 16:00:00
BATTERY,UNKNOWN,UNKNOWN,P46A1-2021-08,2021-08-08 (220) 16:00:00,FUNCTIONAL,ASL,,,,,Yes,N4,P46A,"Rosedale, IN, USA",2021-08-08 (220) 16:00:00
BATTERY,UNKNOWN,UNKNOWN,P46A2-2021-08,2021-08-08 (220) 16:00:00,FUNCTIONAL,ASL,,,,,Yes,N4,P46A,"Rosedale, IN, USA",2021-08-08 (220) 16:00:00
BATTERY,UNKNOWN,UNKNOWN,L64A1-2021-11,2021-11-01 (305) 16:00:00,FUNCTIONAL,ASL,,,,,Yes,N4,L64A,"Middleborough, MA, USA",2021-11-11 (315) 16:00:00
BATTERY,UNKNOWN,UNKNOWN,L64A2-2021-11,2021-11-11 (315) 16:00:00,FUNCTIONAL,ASL,,,,,Yes,N4,L64A,"Middleborough, MA, USA",2021-11-11 (315) 16:00:00
BATTERY,UNKNOWN,UNKNOWN,L64A3-2021-11,2021-11-11 (315) 16:00:00,FUNCTIONAL,ASL,,,,,Yes,N4,L64A,"Middleborough, MA, USA",2021-11-11 (315) 16:00:00
BATTERY,UNKNOWN,UNKNOWN,M63A1-2021-11,2021-11-13 (317) 16:00:00,FUNCTIONAL,ASL,,,,,Yes,N4,M63A,"Gales Ferry, CT, USA",2021-11-13 (317) 16:00:00
BATTERY,UNKNOWN,UNKNOWN,M63A2-2021-11,2021-11-13 (317) 16:00:00,FUNCTIONAL,ASL,,,,,Yes,N4,M63A,"Gales Ferry, CT, USA",2021-11-13 (317) 16:00:00
BATTERY,UNKNOWN,UNKNOWN,M63A3-2021-11,2021-11-13 (317) 16:00:00,FUNCTIONAL,ASL,,,,,Yes,N4,M63A,"Gales Ferry, CT, USA",2021-11-13 (317) 16:00:00
BATTERY,UNKNOWN,UNKNOWN,L46A1-2021-11,2021-11-15 (319) 16:00:00,FUNCTIONAL,ASL,,,,,Yes,N4,L46A,"Eau Claire, MI, USA",2021-11-15 (319) 16:00:00
BATTERY,UNKNOWN,UNKNOWN,L46A2-2021-11,2021-11-15 (319) 16:00:00,FUNCTIONAL,ASL,,,,,Yes,N4,L46A,"Eau Claire, MI, USA",2021-11-15 (319) 16:00:00
BATTERY,UNKNOWN,UNKNOWN,L46A3-2021-11,2021-11-15 (319) 16:00:00,FUNCTIONAL,ASL,,,,,Yes,N4,L46A,"Eau Claire, MI, USA",2021-11-15 (319) 16:00:00
BATTERY,UNKNOWN,UNKNOWN,G62A1-2021-11,2021-11-16 (320) 16:00:00,FUNCTIONAL,ASL,,,,,Yes,N4,G62A,"West of Eustis, ME, USA",2021-11-16 (320) 16:00:00
BATTERY,UNKNOWN,UNKNOWN,G62A2-2021-11,2021-11-16 (320) 16:00:00,FUNCTIONAL,ASL,,,,,Yes,N4,G62A,"West of Eustis, ME, USA",2021-11-16 (320) 16:00:00
BATTERY,UNKNOWN,UNKNOWN,G62A3-2021-11,2021-11-16 (320) 16:00:00,FUNCTIONAL,ASL,,,,,Yes,N4,G62A,"West of Eustis, ME, USA",2021-11-16 (320) 16:00:00
BATTERY,UNKNOWN,UNKNOWN,I63A1-2021-11,2021-11-16 (320) 16:00:00,FUNCTIONAL,ASL,,,,,Yes,N4,I63A,"Otisfield, ME, USA",2021-11-16 (320) 16:00:00
BATTERY,UNKNOWN,UNKNOWN,I63A2-2021-11,2021-11-16 (320) 16:00:00,FUNCTIONAL,ASL,,,,,Yes,N4,I63A,"Otisfield, ME, USA",2021-11-16 (320) 16:00:00
BATTERY,UNKNOWN,UNKNOWN,I63A3-2021-11,2021-11-16 (320) 16:00:00,FUNCTIONAL,ASL,,,,,Yes,N4,I63A,"Otisfield, ME, USA",2021-11-16 (320) 16:00:00
BATTERY,UNKNOWN,UNKNOWN,K57A1-2021-11,2021-11-16 (320) 16:00:00,FUNCTIONAL,ASL,,,,,Yes,N4,K57A,Scipio Center,2021-11-16 (320) 16:00:00
BATTERY,UNKNOWN,UNKNOWN,K57A2-2021-11,2021-11-16 (320) 16:00:00,FUNCTIONAL,ASL,,,,,Yes,N4,K57A,Scipio Center,2021-11-16 (320) 16:00:00
BATTERY,UNKNOWN,UNKNOWN,K57A3-2021-11,2021-11-16 (320) 16:00:00,FUNCTIONAL,ASL,,,,,Yes,N4,K57A,Scipio Center,2021-11-16 (320) 16:00:00
BATTERY,UNKNOWN,UNKNOWN,F64A1-2021-11,2021-11-17 (321) 16:00:00,FUNCTIONAL,ASL,,,,,Yes,N4,F64A,"Sherman, ME, USA",2021-11-17 (321) 16:00:00
BATTERY,UNKNOWN,UNKNOWN,F64A2-2021-11,2021-11-17 (321) 16:00:00,FUNCTIONAL,ASL,,,,,Yes,N4,F64A,"Sherman, ME, USA",2021-11-17 (321) 16:00:00
BATTERY,UNKNOWN,UNKNOWN,F64A3-2021-11,2021-11-17 (321) 16:00:00,FUNCTIONAL,ASL,,,,,Yes,N4,F64A,"Sherman, ME, USA",2021-11-17 (321) 16:00:00
BATTERY,UNKNOWN,UNKNOWN,G65A1-2021-11,2021-11-18 (322) 16:00:00,FUNCTIONAL,ASL,,,,,Yes,N4,G65A,"Princeton, ME, USA",2021-11-18 (322) 16:00:00
BATTERY,UNKNOWN,UNKNOWN,G65A2-2021-11,2021-11-18 (322) 16:00:00,FUNCTIONAL,ASL,,,,,Yes,N4,G65A,"Princeton, ME, USA",2021-11-18 (322) 16:00:00
BATTERY,UNKNOWN,UNKNOWN,G65A3-2021-11,2021-11-18 (322) 16:00:00,FUNCTIONAL,ASL,,,,,Yes,N4,G65A,"Princeton, ME, USA",2021-11-18 (322) 16:00:00
BATTERY,UNKNOWN,UNKNOWN,I62A1-2021-11,2021-11-18 (322) 16:00:00,FUNCTIONAL,ASL,,,,,Yes,N4,I62A,"Tamworth, NH, USA",2021-11-18 (322) 16:00:00
BATTERY,UNKNOWN,UNKNOWN,I62A2-2021-11,2021-11-18 (322) 16:00:00,FUNCTIONAL,ASL,,,,,Yes,N4,I62A,"Tamworth, NH, USA",2021-11-18 (322) 16:00:00
BATTERY,UNKNOWN,UNKNOWN,I62A3-2021-11,2021-11-18 (322) 16:00:00,FUNCTIONAL,ASL,,,,,Yes,N4,I62A,"Tamworth, NH, USA",2021-11-18 (322) 16:00:00
BATTERY,UNKNOWN,UNKNOWN,L56A1-2021-11,2021-11-18 (322) 16:00:00,FUNCTIONAL,ASL,,,,,Yes,N4,L56A,"Greenwood, NY, USA",2021-11-18 (322) 16:00:00
BATTERY,UNKNOWN,UNKNOWN,L56A2-2021-11,2021-11-18 (322) 16:00:00,FUNCTIONAL,ASL,,,,,Yes,N4,L56A,"Greenwood, NY, USA",2021-11-18 (322) 16:00:00
BATTERY,UNKNOWN,UNKNOWN,L56A3-2021-11,2021-11-18 (322) 16:00:00,FUNCTIONAL,ASL,,,,,Yes,N4,L56A,"Greenwood, NY, USA",2021-11-18 (322) 16:00:00
BATTERY,UNKNOWN,UNKNOWN,L59A1-2021-11,2021-11-19 (323) 16:00:00,FUNCTIONAL,ASL,,,,,Yes,N4,L59A,"Walton, NY, USA",2021-11-19 (323) 16:00:00
BATTERY,UNKNOWN,UNKNOWN,L59A2-2021-11,2021-11-19 (323) 16:00:00,FUNCTIONAL,ASL,,,,,Yes,N4,L59A,"Walton, NY, USA",2021-11-19 (323) 16:00:00
BATTERY,UNKNOWN,UNKNOWN,L59A3-2021-11,2021-11-19 (323) 16:00:00,FUNCTIONAL,ASL,,,,,Yes,N4,L59A,"Walton, NY, USA",2021-11-19 (323) 16:00:00
BATTERY,UNKNOWN,UNKNOWN,Z35B1-2021-11,2021-11-19 (323) 16:00:00,FUNCTIONAL,ASL,,,,,Yes,N4,Z35B,"Perchaven, Sanger, TX USA",2021-11-19 (323) 16:00:00
BATTERY,UNKNOWN,UNKNOWN,Z35B2-2021-11,2021-11-18 (322) 16:00:00,FUNCTIONAL,ASL,,,,,Yes,N4,Z35B,"Perchaven, Sanger, TX USA",2021-11-19 (323) 16:00:00
BATTERY,UNKNOWN,UNKNOWN,Z38B1-2021-11,2021-11-19 (323) 16:00:00,FUNCTIONAL,ASL,,,,,Yes,N4,Z38B,"Mount Pleasant, TX, USA",2021-11-19 (323) 16:00:00
BATTERY,UNKNOWN,UNKNOWN,Z38B2-2021-11,2021-11-19 (323) 16:00:00,FUNCTIONAL,ASL,,,,,Yes,N4,Z38B,"Mount Pleasant, TX, USA",2021-11-19 (323) 16:00:00
BATTERY,UNKNOWN,UNKNOWN,I49A1-2021-11,2021-11-20 (324) 16:00:00,FUNCTIONAL,ASL,,,,,Yes,N4,I49A,"Point Hope, MI, USA",2021-11-20 (324) 16:00:00
BATTERY,UNKNOWN,UNKNOWN,I49A2-2021-11,2021-11-20 (324) 16:00:00,FUNCTIONAL,ASL,,,,,Yes,N4,I49A,"Point Hope, MI, USA",2021-11-20 (324) 16:00:00
BATTERY,UNKNOWN,UNKNOWN,I49A3-2021-11,2021-11-20 (324) 16:00:00,FUNCTIONAL,ASL,,,,,Yes,N4,I49A,"Point Hope, MI, USA",2021-11-20 (324) 16:00:00
BATTERY,UNKNOWN,UNKNOWN,J59A1-2021-11,2021-11-21 (325) 16:00:00,FUNCTIONAL,ASL,,,,,Yes,N4,J59A,"Piesco, NY, USA",2021-11-21 (325) 16:00:00
BATTERY,UNKNOWN,UNKNOWN,J59A2-2021-11,2021-11-21 (325) 16:00:00,FUNCTIONAL,ASL,,,,,Yes,N4,J59A,"Piesco, NY, USA",2021-11-21 (325) 16:00:00
BATTERY,UNKNOWN,UNKNOWN,J59A3-2021-11,2021-11-21 (325) 16:00:00,FUNCTIONAL,ASL,,,,,Yes,N4,J59A,"Piesco, NY, USA",2021-11-21 (325) 16:00:00
BATTERY,UNKNOWN,UNKNOWN,J57A1-2021-11,2021-11-22 (326) 16:00:00,FUNCTIONAL,ASL,,,,,Yes,N4,J57A,"Williamstown, NY, USA",2021-11-22 (326) 16:00:00
BATTERY,UNKNOWN,UNKNOWN,J57A2-2021-11,2021-11-22 (326) 16:00:00,FUNCTIONAL,ASL,,,,,Yes,N4,J57A,"Williamstown, NY, USA",2021-11-22 (326) 16:00:00
BATTERY,UNKNOWN,UNKNOWN,J57A3-2021-11,2021-11-22 (326) 16:00:00,FUNCTIONAL,ASL,,,,,Yes,N4,J57A,"Williamstown, NY, USA",2021-11-22 (326) 16:00:00
BATTERY,UNKNOWN,UNKNOWN,P61A1-2021-12,2021-12-15 (349) 16:00:00,FUNCTIONAL,ASL,,,,,Yes,N4,P61A,"Hammonton, NJ, USA",2021-12-15 (349) 16:00:00
BATTERY,UNKNOWN,UNKNOWN,P61A2-2021-12,2021-12-15 (349) 16:00:00,FUNCTIONAL,ASL,,,,,Yes,N4,P61A,"Hammonton, NJ, USA",2021-12-15 (349) 16:00:00
BATTERY,UNKNOWN,UNKNOWN,R61A1-2021-12,2021-12-18 (352) 16:00:00,FUNCTIONAL,ASL,,,,,Yes,N4,R61A,"Willards, MD, USA",2021-12-18 (352) 16:00:00
BATTERY,UNKNOWN,UNKNOWN,R61A2-2021-12,2021-12-18 (352) 16:00:00,FUNCTIONAL,ASL,,,,,Yes,N4,R61A,"Willards, MD, USA",2021-12-18 (352) 16:00:00
BATTERY,UNKNOWN,UNKNOWN,S61A1-2021-12,2021-12-19 (353) 16:00:00,FUNCTIONAL,ASL,,,,,Yes,N4,S61A,"Accomac, VA, USA",2021-12-19 (353) 16:00:00
BATTERY,UNKNOWN,UNKNOWN,S61A2-2021-12,2021-12-19 (353) 16:00:00,FUNCTIONAL,ASL,,,,,Yes,N4,S61A,"Accomac, VA, USA",2021-12-19 (353) 16:00:00
BATTERY,UNKNOWN,UNKNOWN,Y52A1-2022-01,2022-01-19 (019) 16:00:00,FUNCTIONAL,ASL,,,,,Yes,N4,Y52A,"Lilburn, GA, USA",2022-01-19 (019) 16:00:00
BATTERY,UNKNOWN,UNKNOWN,Y52A2-2022-01,2022-01-19 (019) 16:00:00,FUNCTIONAL,ASL,,,,,Yes,N4,Y52A,"Lilburn, GA, USA",2022-01-19 (019) 16:00:00
BATTERY,UNKNOWN,UNKNOWN,257A1-2022-01,2022-01-23 (023) 16:00:00,FUNCTIONAL,ASL,,,,,Yes,N4,257A,"Skidaway Island, Savannah, GA, USA",2022-01-23 (023) 16:00:00
BATTERY,UNKNOWN,UNKNOWN,257A2-2022-01,2022-01-23 (023) 16:00:00,FUNCTIONAL,ASL,,,,,Yes,N4,257A,"Skidaway Island, Savannah, GA, USA",2022-01-23 (023) 16:00:00
BATTERY,UNKNOWN,UNKNOWN,152A1-2022-01,2022-01-25 (025) 16:00:00,FUNCTIONAL,ASL,,,,,Yes,N4,152A,"Waverly Hall, GA, USA",2022-01-25 (025) 16:00:00
BATTERY,UNKNOWN,UNKNOWN,152A2-2022-01,2022-01-25 (025) 16:00:00,FUNCTIONAL,ASL,,,,,Yes,N4,152A,"Waverly Hall, GA, USA",2022-01-25 (025) 16:00:00
BATTERY,UNKNOWN,UNKNOWN,Y49A1-2022-01,2022-01-27 (027) 16:00:00,FUNCTIONAL,ASL,,,,,Yes,N4,Y49A,"Blount Mountain, AL, USA",2022-01-27 (027) 16:00:00
BATTERY,UNKNOWN,UNKNOWN,Y49A2-2022-01,2022-01-27 (027) 16:00:00,FUNCTIONAL,ASL,,,,,Yes,N4,Y49A,"Blount Mountain, AL, USA",2022-01-27 (027) 16:00:00
BATTERY,UNKNOWN,UNKNOWN,061Z1-2022-02,2022-02-22 (053) 16:00:00,FUNCTIONAL,ASL,,,,,Yes,N4,061Z,"Ochoppi, FL, USA",2022-02-22 (053) 16:00:00
BATTERY,UNKNOWN,UNKNOWN,061Z2-2022-02,2022-02-22 (053) 16:00:00,FUNCTIONAL,ASL,,,,,Yes,N4,061Z,"Ochoppi, FL, USA",2022-02-22 (053) 16:00:00
BATTERY,UNKNOWN,UNKNOWN,656A1-2022-02,2022-02-23 (054) 16:00:00,FUNCTIONAL,ASL,,,,,Yes,N4,656A,"Willston, FL, USA",2022-02-23 (054) 16:00:00
BATTERY,UNKNOWN,UNKNOWN,656A2-2022-02,2022-02-23 (054) 16:00:00,FUNCTIONAL,ASL,,,,,Yes,N4,656A,"Willston, FL, USA",2022-02-23 (054) 16:00:00
BATTERY,UNKNOWN,UNKNOWN,451A1-2022-02,2022-02-24 (055) 16:00:00,FUNCTIONAL,ASL,,,,,Yes,N4,451A,"Vernon, FL, USA",2022-02-24 (055) 16:00:00
BATTERY,UNKNOWN,UNKNOWN,451A2-2022-02,2022-02-24 (055) 16:00:00,FUNCTIONAL,ASL,,,,,Yes,N4,451A,"Vernon, FL, USA",2022-02-24 (055) 16:00:00
BATTERY,UNKNOWN,UNKNOWN,545B1-2022-02,2022-02-26 (057) 16:00:00,FUNCTIONAL,ASL,,,,,Yes,N4,545B,"Wilberts Farm, Edgard, LA, USA",2022-02-26 (057) 16:00:00
BATTERY,UNKNOWN,UNKNOWN,545B2-2022-02,2022-02-26 (057) 16:00:00,FUNCTIONAL,ASL,,,,,Yes,N4,545B,"Wilberts Farm, Edgard, LA, USA",2022-02-26 (057) 16:00:00
BATTERY,UNKNOWN,UNKNOWN,346B1-2022-02,2022-02-28 (059) 16:00:00,FUNCTIONAL,ASL,,,,,Yes,N4,346B,"Big Creek Wildlife, Hattiesburg, MS, USA",2022-02-28 (059) 16:00:00
BATTERY,UNKNOWN,UNKNOWN,346B2-2022-02,2022-02-28 (059) 16:00:00,FUNCTIONAL,ASL,,,,,Yes,N4,346B,"Big Creek Wildlife, Hattiesburg, MS, USA",2022-02-28 (059) 16:00:00
BATTERY,UNKNOWN,UNKNOWN,346B3-2022-02,2022-02-28 (059) 16:00:00,FUNCTIONAL,ASL,,,,,Yes,N4,346B,"Big Creek Wildlife, Hattiesburg, MS, USA",2022-02-28 (059) 16:00:00
BATTERY,UNKNOWN,UNKNOWN,KMSC1-2022-03,2022-03-02 (061) 16:00:00,FUNCTIONAL,ASL,,,,,Yes,N4,KMSC,"Kings Moutain, Blacksburg, SC, USA",2022-03-02 (061) 16:00:00
BATTERY,UNKNOWN,UNKNOWN,KMSC2-2022-03,2022-03-02 (061) 16:00:00,FUNCTIONAL,ASL,,,,,Yes,N4,KMSC,"Kings Moutain, Blacksburg, SC, USA",2022-03-02 (061) 16:00:00
BATTERY,UNKNOWN,UNKNOWN,V55A1-2022-03,2022-03-03 (062) 16:00:00,FUNCTIONAL,ASL,,,,,Yes,N4,V55A,"Morning Dew, Taylorsville, NC, USA",2022-03-03 (062) 16:00:00
BATTERY,UNKNOWN,UNKNOWN,V55A2-2022-03,2022-03-03 (062) 16:00:00,FUNCTIONAL,ASL,,,,,Yes,N4,V55A,"Morning Dew, Taylorsville, NC, USA",2022-03-03 (062) 16:00:00
BATTERY,UNKNOWN,UNKNOWN,U56A1-2022-03,2022-03-06 (065) 16:00:00,FUNCTIONAL,ASL,,,,,Yes,N4,U56A,"King, NC, USA",2022-03-06 (065) 16:00:00
BATTERY,UNKNOWN,UNKNOWN,U56A2-2022-03,2022-03-06 (065) 16:00:00,FUNCTIONAL,ASL,,,,,Yes,N4,U56A,"King, NC, USA",2022-03-06 (065) 16:00:00
BATTERY,UNKNOWN,UNKNOWN,V61A1-2022-03,2022-03-07 (066) 16:00:00,FUNCTIONAL,ASL,,,,,Yes,N4,V61A,"Roper, NC, USA",2022-03-07 (066) 16:00:00
BATTERY,UNKNOWN,UNKNOWN,V61A2-2022-03,2022-03-07 (066) 16:00:00,FUNCTIONAL,ASL,,,,,Yes,N4,V61A,"Roper, NC, USA",2022-03-07 (066) 16:00:00
BATTERY,UNKNOWN,UNKNOWN,X58A1-2022-03,2022-03-08 (067) 16:00:00,FUNCTIONAL,ASL,,,,,Yes,N4,X58A,"Rowland, NC, USA",2022-03-08 (067) 16:00:00
BATTERY,UNKNOWN,UNKNOWN,X58A2-2022-03,2022-03-08 (067) 16:00:00,FUNCTIONAL,ASL,,,,,Yes,N4,X58A,"Rowland, NC, USA",2022-03-08 (067) 16:00:00
BATTERY,UNKNOWN,UNKNOWN,W59A1-2022-03,2022-03-09 (068) 16:00:00,FUNCTIONAL,ASL,,,,,Yes,N4,W59A,"Clinton, NC, USA",2022-03-09 (068) 16:00:00
BATTERY,UNKNOWN,UNKNOWN,W59A2-2022-03,2022-03-09 (068) 16:00:00,FUNCTIONAL,ASL,,,,,Yes,N4,W59A,"Clinton, NC, USA",2022-03-09 (068) 16:00:00
BATTERY,UNKNOWN,UNKNOWN,V58A1-2022-03,2022-03-10 (069) 16:00:00,FUNCTIONAL,ASL,,,,,Yes,N4,V58A,"WIndy Hill, Pittsboro, NC, USA",2022-03-10 (069) 16:00:00
BATTERY,UNKNOWN,UNKNOWN,V58A2-2022-03,2022-03-10 (069) 16:00:00,FUNCTIONAL,ASL,,,,,Yes,N4,V58A,"WIndy Hill, Pittsboro, NC, USA",2022-03-10 (069) 16:00:00